{"cameraMode":{"drawMode":0,"name":"Shaded","section":"Shading Mode"},"sceneLighting":false,"audioPlay":false,"sceneViewState":{"showFog":true,"showMaterialUpdate":false,"showSkybox":true,"showFlares":true,"showImageEffects":true,"showParticleSystems":true},"in2DMode":false,"pivot":{"x":597.8496704101563,"y":1.8868000507354737,"z":474.61700439453127},"rotation":{"x":-0.010392890311777592,"y":0.8508495092391968,"z":0.018252864480018617,"w":0.525068998336792},"size":1.0060136318206788,"orthographic":false}