{"cameraMode":{"drawMode":0,"name":"Shaded","section":"Shading Mode"},"sceneLighting":false,"audioPlay":false,"sceneViewState":{"showFog":true,"showMaterialUpdate":false,"showSkybox":true,"showFlares":true,"showImageEffects":true,"showParticleSystems":true},"in2DMode":false,"pivot":{"x":565.258544921875,"y":1.1917088031768799,"z":498.69757080078127},"rotation":{"x":0.034306854009628299,"y":0.6857602596282959,"z":-0.031388189643621448,"w":0.7264066934585571},"size":4.0416579246521,"orthographic":false}