{"cameraMode":{"drawMode":0,"name":"Shaded","section":"Shading Mode"},"sceneLighting":false,"audioPlay":false,"sceneViewState":{"showFog":true,"showMaterialUpdate":false,"showSkybox":true,"showFlares":true,"showImageEffects":true,"showParticleSystems":true},"in2DMode":false,"pivot":{"x":653.4000244140625,"y":1.75,"z":502.7200012207031},"rotation":{"x":-0.0053453948348760609,"y":-0.7714574337005615,"z":-0.005303262732923031,"w":0.6363145709037781},"size":0.571541965007782,"orthographic":false}